Suite/Test/Step Name,Browser,Description,Tag,Start time,End time,Duration,Status
Proverka so storony polzovatelja,Chrome 113.0.0.0,,,2023-06-02 12:08:54,2023-06-02 12:09:38,43.672s,FAILED
,,,,,,,
Test Cases/Funkcii polzovatelej/Zapolnenie polej formi oplaty,Chrome 113.0.0.0,,,2023-06-02 12:08:54,2023-06-02 12:09:32,37.330s,FAILED
"openBrowser("""")",Chrome 113.0.0.0,,,2023-06-02 12:08:55,2023-06-02 12:08:58,3.153s,PASSED
"navigateToUrl(""http://kandinsky-wordpress-20.tw1.ru/campaign/%D0%BD%D0%BE%D0%B2%D0%B0%D1%8F-%D1%81%D1%83%D0%BF%D0%B5%D1%80-%D0%BA%D0%B0%D0%BC%D0%BF%D0%B0%D0%BD%D0%B8%D1%8F/"")",Chrome 113.0.0.0,,,2023-06-02 12:08:58,2023-06-02 12:09:00,2.122s,PASSED
"click(findTestObject(""Object Repository/Zapolnenie formy2/Page_-/span_email""))",Chrome 113.0.0.0,,,2023-06-02 12:09:00,2023-06-02 12:09:32,31.647s,FAILED
,,,,,,,
Test Cases/Funkcii polzovatelej/Otobrajenie kartoxhki progressa,Chrome 113.0.0.0,,,2023-06-02 12:09:32,2023-06-02 12:09:38,6.035s,PASSED
"openBrowser("""")",Chrome 113.0.0.0,,,2023-06-02 12:09:33,2023-06-02 12:09:35,2.596s,PASSED
"navigateToUrl(""http://kandinsky-wordpress-20.tw1.ru/vse-kampanii/"")",Chrome 113.0.0.0,,,2023-06-02 12:09:35,2023-06-02 12:09:37,1.919s,PASSED
"verifyElementVisible(findTestObject(""Object Repository/Proverka progressa/Page_-/div_,_progressbar-unfulfilled sub-block""))",Chrome 113.0.0.0,,,2023-06-02 12:09:37,2023-06-02 12:09:38,0.557s,PASSED
