Suite/Test/Step Name,Browser,Description,Tag,Start time,End time,Duration,Status
Proverka so storony polzovatelja,Chrome 113.0.0.0,,,2023-05-17 14:24:51,2023-05-17 14:25:30,38.962s,FAILED
,,,,,,,
Test Cases/Funkcii polzovatelej/Zapolnenie polej formi oplaty,Chrome 113.0.0.0,,,2023-05-17 14:24:51,2023-05-17 14:25:26,35.336s,FAILED
"openBrowser("""")",Chrome 113.0.0.0,,,2023-05-17 14:24:51,2023-05-17 14:24:53,1.847s,PASSED
"navigateToUrl(""http://kandinsky-wordpress-20.tw1.ru/campaign/%D0%BD%D0%BE%D0%B2%D0%B0%D1%8F-%D1%81%D1%83%D0%BF%D0%B5%D1%80-%D0%BA%D0%B0%D0%BC%D0%BF%D0%B0%D0%BD%D0%B8%D1%8F/"")",Chrome 113.0.0.0,,,2023-05-17 14:24:53,2023-05-17 14:24:55,1.955s,PASSED
"click(findTestObject(""Object Repository/Zapolnenie formy2/Page_-/span_email""))",Chrome 113.0.0.0,,,2023-05-17 14:24:55,2023-05-17 14:25:26,31.313s,FAILED
,,,,,,,
Test Cases/Funkcii polzovatelej/Otobrajenie kartoxhki progressa,Chrome 113.0.0.0,,,2023-05-17 14:25:26,2023-05-17 14:25:30,3.473s,PASSED
"openBrowser("""")",Chrome 113.0.0.0,,,2023-05-17 14:25:26,2023-05-17 14:25:28,1.758s,PASSED
"navigateToUrl(""http://kandinsky-wordpress-20.tw1.ru/vse-kampanii/"")",Chrome 113.0.0.0,,,2023-05-17 14:25:28,2023-05-17 14:25:29,1.232s,PASSED
"verifyElementVisible(findTestObject(""Object Repository/Proverka progressa/Page_-/div_,_progressbar-unfulfilled sub-block""))",Chrome 113.0.0.0,,,2023-05-17 14:25:29,2023-05-17 14:25:30,0.335s,PASSED
