Suite/Test/Step Name,Browser,Description,Tag,Start time,End time,Duration,Status
Раздел доноры,,,,2022-11-15 17:09:36,2022-11-15 17:09:56,"20,153s",FAILED
,,,,,,,
Test Cases/Доноры/Отображение доноров,,,,2022-11-15 17:09:36,2022-11-15 17:09:49,"13,095s",FAILED
"openBrowser("""")",,,,2022-11-15 17:09:37,2022-11-15 17:09:49,"12,506s",FAILED
,,,,,,,
Test Cases/Доноры/Редактирование донора,,,,2022-11-15 17:09:49,2022-11-15 17:09:53,"3,686s",FAILED
"openBrowser("""")",,,,2022-11-15 17:09:50,2022-11-15 17:09:53,"2,807s",FAILED
,,,,,,,
Test Cases/Доноры/Экспорт доноров,,,,2022-11-15 17:09:53,2022-11-15 17:09:56,"2,924s",FAILED
"openBrowser("""")",,,,2022-11-15 17:09:53,2022-11-15 17:09:56,"2,659s",FAILED
