Suite/Test/Step Name,Browser,Description,Tag,Start time,End time,Duration,Status
Proverka so storony polzovatelja,Chrome 113.0.0.0,,,2023-05-23 14:45:41,2023-05-23 14:46:23,42.377s,FAILED
,,,,,,,
Test Cases/Funkcii polzovatelej/Zapolnenie polej formi oplaty,Chrome 113.0.0.0,,,2023-05-23 14:45:41,2023-05-23 14:46:19,37.982s,FAILED
"openBrowser("""")",Chrome 113.0.0.0,,,2023-05-23 14:45:42,2023-05-23 14:45:45,3.390s,PASSED
"navigateToUrl(""http://kandinsky-wordpress-20.tw1.ru/campaign/%D0%BD%D0%BE%D0%B2%D0%B0%D1%8F-%D1%81%D1%83%D0%BF%D0%B5%D1%80-%D0%BA%D0%B0%D0%BC%D0%BF%D0%B0%D0%BD%D0%B8%D1%8F/"")",Chrome 113.0.0.0,,,2023-05-23 14:45:45,2023-05-23 14:45:48,2.555s,PASSED
"click(findTestObject(""Object Repository/Zapolnenie formy2/Page_-/span_email""))",Chrome 113.0.0.0,,,2023-05-23 14:45:48,2023-05-23 14:46:19,31.454s,FAILED
,,,,,,,
Test Cases/Funkcii polzovatelej/Otobrajenie kartoxhki progressa,Chrome 113.0.0.0,,,2023-05-23 14:46:19,2023-05-23 14:46:23,3.957s,PASSED
"openBrowser("""")",Chrome 113.0.0.0,,,2023-05-23 14:46:19,2023-05-23 14:46:21,1.857s,PASSED
"navigateToUrl(""http://kandinsky-wordpress-20.tw1.ru/vse-kampanii/"")",Chrome 113.0.0.0,,,2023-05-23 14:46:21,2023-05-23 14:46:23,1.520s,PASSED
"verifyElementVisible(findTestObject(""Object Repository/Proverka progressa/Page_-/div_,_progressbar-unfulfilled sub-block""))",Chrome 113.0.0.0,,,2023-05-23 14:46:23,2023-05-23 14:46:23,0.377s,PASSED
